ID Next,Nombre,EAN,SKU,URL Foto24,URL Photo24,Precio,Marca
FT_000431,Aircell camera lens case M,,M00516,,,10.99,Aircell
FT_000432,Aircell camera lens case L,,M00514,,,12.99,Aircell
FT_000433,Aircell camera lens case XL,,M00515,,,14.99,Aircell
FT_002444,"Kit Filtros Creativos Cokin Snap! 40,5mm",,MI2478,,,33.99,Cokin
FT_002445,Kit Filtros Creativos Cokin Snap! 49mm,,MI2480,,,33.99,Cokin
FT_002446,Kit Filtros Creativos Cokin Snap! 52mm,,MI2481,,,33.99,Cokin
FT_002447,Kit Filtros Creativos Cokin Snap! 37mm,,MI2477,,,33.99,Cokin
FT_002448,Kit Filtros Creativos Cokin Snap! 43mm,,MI2479,,,33.99,Cokin
FT_002624,Genesis Michigan,,M01286,,,37.99,Genesis
FT_002628,Genesis Boston orange,,M00563,,,34.99,Genesis
FT_002870,Genesis Nattai backpack,,M00333,,,37.99,Genesis
FT_003688,Genesis Gear Tacit Bolsa fotográfica L,,M01123,,,41.99,Genesis
FT_003689,Genesis Tacit M gray,,0723342695,,,24.99,Genesis
FT_003690,Genesis Tacit S gray,,0723342694,,,14.99,Genesis
FT_004723,Genesis Tacit L Gray,,0723342696,,,41.99,Genesis
FT_006287,Gloxy GX-TS370 Tripod +3D Head,,DI3287,,,49.99,Gloxy
FT_006722,"Set of 4 Gloxy Lens Cases S,M,L,XL",,0724342819,,,18.99,Gloxy
FT_007596,PhotoBall Gloxy 60mm,,0721725430,,,29.99,Gloxy
FT_007597,PhotoBall Gloxy 80mm,,0721725429,,,39.99,Gloxy
xxx,"Kit de tres filtros ND4, UV, CPL 46mm",,Fkit46,,,49.99,Gloxy
xxx,"Kit de tres filtros ND4, UV, CPL 52mm",,Fkit52,,,69.99,Gloxy
xxx,"Kit de tres filtros ND4, UV, CPL 55mm",,Fkit55,,,69.99,Gloxy
xxx,"Kit de tres filtros ND4, UV, CPL 58mm",,Fkit58,,,69.99,Gloxy
xxx,"Kit de tres filtros ND4, UV, CPL 62mm",,Fkit62,,,74.99,Gloxy
xxx,"Kit de tres filtros ND4, UV, CPL 67mm",,Fkit67,,,64.99,Gloxy
xxx,"Kit de tres filtros ND4, UV, CPL 77mm",,Fkit77,,,89.99,Gloxy
FT_005101,Godox SL-100W Video LED light,,M00125,,,194.99,Godox
FT_005102,Godox SL-150W Video LED light,,M00126,,,244.99,Godox
FT_005215,Godox UB-006 Black and Silver and White Umbrella (84cm),,M00778,,,27.99,Godox
FT_005218,Godox UB-007 Paraguas Dorado y Plateado 101cm,,M00984,,,16.99,Godox
FT_005317,Adaptador AC Godox para AD400PRO,,M00540,,,114.99,Godox
FT_005597,Godox SA-07 Láminas de apertura para Godox SA-P1,,M00917,,,7.99,Godox
FT_005728,Godox WMicS1 Kit 1,,M00553,,,186.99,Godox
FT_005729,Godox WMicS1 Kit 2,,M00525,,,259.99,Godox
FT_005739,Godox SB-UBW120 Umbrella style softbox Octa 120cm,,M00863,,,31.99,Godox
FT_005783,Godox LR-150B LED ring light,,M00887,,,61.99,Godox
FT_005784,Godox LR-120P LED ring light,,M00922,,,41.99,Godox
FT_005819,"Godox FL-SF4060 Softbox body with grid, diffuser cloth and bag for FL100",,M00985,,,37.99,Godox
FT_005824,Godox LED 308II -W 5600k,,M00971,,,104,Godox
FT_005830,Godox UB-010 Umbrella box white/black (101cm),,M00903,,,31.99,Godox
FT_005835,Godox UB-85D parabolic umbrella transparent,,M00979,,,24.99,Godox
FT_005887,Godox CL-10 LED video light,,M00618,,,60.99,Godox
FT_005975,Godox ES45 LED Light,,M00548,,,158.99,Godox
FT_006005,Grid Godox G70 para softbox P70L y QR-P70,,M00988,,,24.99,Godox
FT_006784,Godox Litemons LED6R,,M00899,,,34.99,Godox
FT_006795,Godox Movelink M1 2.4GHz Wireless Microphone System,,M01036,,,138.99,Godox
FT_006797,Godox Movelink UC1 2.4GHz Wireless Microphone System (for USB Type-C Devices),,M00933,,,148.99,Godox
FT_008556,"Godox Trigger XT32N para Canon 2,4GHz",,M01067,,,44.99,Godox
FT_008761,TT600/TT600S,,M01088,,,84.99,Godox
FT_008782,Godox Lente 36º para Kits VSA Spotlight,,M01225,,,277.99,Godox
FT_008785,Godox VSA-GS3 Set de Plantillas,,M00982,,,50.99,Godox
FT_008905,Godox Litemons LA150 Bi color LED Light,,M01276,,,389,Godox
FT_008906,Godox Litemons LA200 Bi color LED Light,,M01254,,,389,Godox
FT_008932,Godox VK1-AX Vlogging Kit,,M01222,,,139.99,Godox
FT_008938,Godox WmicS1 Pro Kit 2 Micrófono Lavalier Inalámbrico UHF,,M01219,,,354.99,Godox
FT_009064,"Godox Trigger XT32C para Canon 2,4GHz",,M01215,,,48.99,Godox
FT_009821,Godox CB57 Bolsa para AD200 y AD200 PRO,,M01153,,,18.99,Godox
FT_010104,Godox DT-BA01 Brazo de Suspensión Litemons,,M01237,,,16.99,Godox
FT_010105,Godox DT-TP01 Trípode de mesa Litemons,,M01229,,,19.99,Godox
FT_010107,Godox CB70 Bolsa de Transporte para LC30,,M01152,,,32.99,Godox
FT_004306,Irix Lens 15mm Firefly for Canon [ IL-15FF-EF ],,0713043559,,,449.99,Irix
FT_004307,Irix Lens 15mm Firefly for Nikon [ IL-15FF-NF ],,0713043558,,,449.99,Irix
FT_004308,Irix Lens 15mm Firefly for Pentax [ IL-15FF-PK ],,0713043590,,,449.99,Irix
FT_004309,Irix Lens 15mm Blackstone for Canon [ IL-15BS-EF ],,0713043555,,,724.99,Irix
FT_004310,Irix Lens 15mm Blackstone for Nikon [ IL-15BS-NF ],,0713043556,,,724.99,Irix
FT_004311,Irix Lens 15mm Blackstone for Pentax [ IL-15BS-PK ],,0713043557,,,724.99,Irix
FT_004507,Irix Lens 11mm Blackstone for Canon [ IL-11BS-EF ],,0713464495,,,694.99,Irix
FT_004508,Irix Lens 11mm Firefly for Canon [ IL-11FF-EF ],,0713464497,,,524.99,Irix
FT_004509,Irix Lens 11mm Blackstone for Nikon [ IL-11BS-NF ],,0713464496,,,694.99,Irix
FT_004510,Irix Lens 11mm Firefly for Nikon [ IL-11FF-NF ],,0713464498,,,524.99,Irix
FT_004511,Irix Lens 11mm Blackstone for Pentax [ IL-11BS-PK ],,0713464500,,,694.99,Irix
FT_004512,Irix Lens 11mm Firefly for Pentax [ IL-11FF-PK ],,0713464499,,,524.99,Irix
FT_004828,Irix Edge IFH-100 Filter Holder [ IFH-100 ],,L00034,,,68.99,Irix
FT_004989,Irix Lens 150mm Dragonfly for Canon [ IL-150DF-EF ],,0721916476,,,594.99,Irix
FT_004990,Irix Lens 150mm Dragonfly for Nikon [ IL-150DF-NF ],,0721916477,,,594.99,Irix
FT_004991,Irix Lens 150mm Dragonfly for Pentax [ IL-150DF-PK ],,0721916478,,,594.99,Irix
FT_005260,Irix Edge Traveller Filter Case ,,M00254,,,29,Irix
FT_005269,Irix Edge 100mm Starter Set ,,M00255,,,89,Irix
FT_005270,Irix Edge 100mm Basic Soft Set ,,M00256,,,219,Irix
FT_005271,Irix Edge 100mm Basic Hard Set ,,M00257,,,229,Irix
FT_005272,Irix Edge 100mm Traveller Soft Set ,,M00259,,,379,Irix
FT_005273,Irix Edge 100mm Traveller Hard Set ,,M00260,,,389,Irix
FT_005274,Irix Edge 100mm Voyager Set ,,M00261,,,529,Irix
FT_005465,Irix Lens 45mm Dragonfly for Nikon [ IL-45DF-NF ],,M00214,,,714.99,Irix
FT_005466,Irix Lens 45mm Dragonfly for Canon [ IL-45DF-EF ],,M00213,,,714.99,Irix
FT_005467,Irix Lens 45mm Dragonfly for Pentax [ IL-45DF-PK ],,M00215,,,714.99,Irix
FT_005646,Irix Edge IFH-100-PRO Filter Holder,,M00344,,,159,Irix
FT_007557,Irix Lens 30mm f/1.4 Dragonfly for Canon [ IL-30DF-EF ],,M00485,,,754.99,Irix
FT_007558,Irix Lens 30mm f/1.4 Dragonfly for Nikon [ IL-30DF-NF ],,M00486,,,754.99,Irix
FT_007559,Irix Lens 30mm f/1.4 Dragonfly for Pentax [ IL-30DF-PK ],,M00487,,,754.99,Irix
FT_007607,Irix Lens 21mm f/1.4 Dragonfly for Canon [ IL-21DF-EF ],,M00759,,,794.99,Irix
FT_007608,Irix Lens 21mm f/1.4 Dragonfly for Nikon [ IL-21DF-NF ],,M00760,,,794.99,Irix
FT_007609,Irix Lens 21mm f/1.4 Dragonfly for Pentax [ IL-21DF-PK ],,M00761,,,794.99,Irix
FT_009825,Irix Macro Rail 180,,M01147,,,109,Irix
FT_010593,Irix Lens 150mm Macro for Sony E ,,M01234,,,695,Irix
FT_010594,Irix Lens 15mm for Sony E,,M01233,,,675,Irix
FT_003937,Kit de accesorios Lenmar CamPak,,M00645,,,19.99,Lenmar
FT_005427,MagMod MagBox Speedring for Profoto,,C00078,,,69.99,Magmod
FT_005431,MagMod MagGrid,,0712691034,,,35.99,Magmod
FT_005433,MagMod MagBeam Tele Lens,,0713280319,,,22.99,Magmod
FT_010170,Kit de geles MagMod Correction Pro,,M01112,,,59.99,Magmod
xxx,MagMod MagBeam Wide Lens,,0713280318,,,22.99,Magmod
FT_002497,MeiKe MK-580 Flash Canon,,M00631,,,124.99,Meike
FT_004264,Lens Meike MK-28mm F2.8 Sony E-Mount,,0713278328,,,88.99,Meike
FT_004266,Lens Meike MK-50 F2.0 Sony E-mount,,0713278326,,,88.99,Meike
FT_004273,Lens Meike MK-28mm F2.8 Micro Four Thirds mount,,M00513,,,88.99,Meike
FT_004275,Lens Meike MK-50 F2.0 Micro Four Thirds mount,,0713278332,,,88.99,Meike
FT_004279,Lens Meike MK-28mm F2.8 Canon EF-M mount,,0713278323,,,88.99,Meike
FT_004525,Lens Meike MK-8mm F3.5 Nikon F-mount,,0713630843,,,204.99,Meike
FT_004526,Lens Meike MK-8mm F3.5 Canon EF mount,,0713630840,,,204.99,Meike
FT_004527,Lens Meike MK-8mm F3.5 Sony E-mount,,0713630844,,,204.99,Meike
FT_004528,Lens Meike MK-8mm F3.5 Fuji X-mount,,0713630841,,,204.99,Meike
FT_004530,Lens Meike MK-12mm F2.8 Sony E-mount,,M00509,,,229.99,Meike
FT_004533,Lens Meike MK-12mm F2.8 Fuji X-mount,,M00507,,,229.99,Meike
FT_004534,Lens Meike MK-12mm F2.8 Micro Four Thirds mount,,M00508,,,229.99,Meike
FT_005014,Lens Meike MK-6-11mm F3.5 Canon EF APSC,,M00538,,,289.99,Meike
FT_005015,Lens Meike MK-6-11mm F3.5 Nikon F APSC,,M00541,,,289.99,Meike
FT_005016,Lens Meike MK-6-11mm F3.5 Fuji X APSC,,M00539,,,289.99,Meike
FT_005017,Lens Meike MK-6-11mm F3.5 Olympus MFT,,M00543,,,289.99,Meike
FT_005018,Lens Meike MK-6-11mm F3.5 Sony E APSC,,M00544,,,289.99,Meike
FT_005019,"Lens Meike MK-25mm F2,0 Canon EF-M mount",,M00524,,,259.99,Meike
FT_005020,"Lens Meike MK-25mm F2,0 Nikon 1 mount",,M00531,,,259.99,Meike
FT_005021,"Lens Meike MK-25mm F2,0 Sony E APSC mount",,M00511,,,259.99,Meike
FT_005022,"Lens Meike MK-25mm F2,0 Fuji X mount",,M00510,,,259.99,Meike
FT_005023,"Lens Meike MK-25mm F2,0 Olympus MFT mount",,M00532,,,259.99,Meike
FT_005024,"Lens Meike MK-25mm T2,2 Cine Sony E APSC",,M00512,,,339.99,Meike
FT_005025,"Lens Meike MK-25mm T2,2 Cine Fuji X APSC",,M00536,,,339.99,Meike
FT_005031,Adaptador Meike Sony E para lentes Nikon F,,M01064,,,69.99,Meike
FT_005641,Lens Meike MK-8mm F3.5 Nikon 1,,M00549,,,204.99,Meike
FT_007907,Disparador Miops Smart Trigger,,713622705,,,269.99,Miops
FT_004119,Quadralite AIR260 studio light stand,,0713104030,,,44.99,Quadralite
FT_004154,Quadralite Collapsible Reflector Silver White 60cm GRADE B,,M00520,,,8.99,Quadralite
FT_004278,Quadralite VideoLED 600 continuous light,,C00017,,,114.99,Quadralite
FT_004360,Grid Quadralite 95cm para Softbox DeepOcta 95,,M01113,,,27.99,Quadralite
FT_004449,Quadralite Stroboss 36 S,,M00394,,,79.99,Quadralite
FT_004450,Quadralite Stroboss 36 N,,M00397,,,79.99,Quadralite
FT_004451,Quadralite Stroboss 36 C,,M00426,,,79.99,Quadralite
FT_004676,Quadralite Stroboss 36 MFT,,M00442,,,79.99,Quadralite
FT_004677,Quadralite Stroboss 36 F,,M00436,,,79.99,Quadralite
FT_004713,Quadralite Reporter 200 TTL C-type LED Head,,M01049,,,24.99,Quadralite
FT_004788,Quadralite Collapsible Reflector 5in1 90x120 cm,,M00305,,,39.99,Quadralite
FT_004792,Quadralite Collapsible Reflector w/Grip Silver-White 60cm GRADE B,,M00519,,,10.99,Quadralite
FT_005033,Quadralite Stroboss 36 P,,M00405,,,79.99,Quadralite
FT_005279,Quadralite Reporter 200 Pro TTL,,M00395,,,372.99,Quadralite
FT_005666,Quadralite Thea 150 LED Panel,,M00319,,,47.99,Quadralite
FT_005668,Quadralite Thea 450 LED Panel,,M00321,,,94.99,Quadralite
FT_005669,Quadralite Thea 450 LED Panel Kit,,M00323,,,196.99,Quadralite
FT_005691,Quadralite Talia 400 panel LED,,M00404,,,71.99,Quadralite
FT_005707,Quadralite Up! X 400 Kit zestaw,,713107211,,,225,Quadralite
FT_005875,Quadralite SVL-400 LED light plus,,M00518,,,149.99,Quadralite
FT_006000,Quadralite Navigator X Basic 2.4 GHz transmitter,,M00758,,,24.99,Quadralite
FT_006002,Quadralite RGB SmartStick 36,,M00590,,,157.99,Quadralite
FT_006089,Quadralite Sparkle Luz LED Creativa,,M01074,,,10.99,Quadralite
FT_008546,Quadralite Talia 300 RGB LED Panel,,M01075,,,124.99,Quadralite
FT_008925,Quadralite VideoLED 1500 lampa światła ciągłego,,M01267,,,255,Quadralite
FT_008926,Quadralite VideoLED 1500 Bi-color lampa światła ciągłego,,M01265,,,315,Quadralite
FT_008927,Quadralite VideoLED 1000 Bi-color lampa światła ciągłego,,M01264,,,265,Quadralite
FT_001712,Raynox DCR-5320 PRO,,MI2883,,,329.99,Raynox
FT_001719,Raynox QC-707 snap-on,,MI2849,,,29.99,Raynox
FT_001720,Raynox QC-505 snap-on,,VDTS-3002,,,39.99,Raynox
FT_008166,Raynox DCR-732,,0712152935,,,134.99,Raynox
FT_001078,Lente Gran Angular Raynox HD-7000 Pro 0.7x 58mm,,MI2779,,,319.99,Raynox
FT_001402,Lente conversora gran angular Raynox HD-6600 Pro 58mm,,VDTS-2966,,,239.99,Raynox
FT_001530,Lente telefoto Raynox HDP-7700ES 3.0x,,MI2783,,,419.99,Raynox
FT_001721,Lente Semi Ojo de pez Raynox QC-303,,MI2820,,,59.99,Raynox
FT_008656,Lente Ojo de Pez Raynox HD-3037 Pro 0.3x,,M00155,,,209.99,Raynox
FT_008666,Lente Macro Raynox MSN-505,,MI2790,,,239.99,Raynox
FT_003329,Objetivo Samyang 24mm T1.5 VDSLR ED AS IF UMC para Pentax,,VDTS-4470,,,649.99,Samyang
FT_003569,Objetivo Samyang 8mm T3.1 VDSLR UMC CSC para Fuji X,,VDTS-4811,,,264.99,Samyang
FT_003570,Objetivo Samyang 8mm T3.1 VDSLR UMC CSC para Sony E,,VDTS-4738,,,339.99,Samyang
FT_007931,SanDisk SDHC 32GB 95MB/s Extreme Pro V30 U3 SDS Memory,,IM713252649,,,24.99,Sandisk
FT_007933,SanDisk Extreme Pro SDXC 64GB Memory,,CF667418,,,34.99,Sandisk
FT_007935,SanDisk Extreme Pro SDXC 256GB 170MB/s Extreme Pro V30,,CF769453,,,139.99,Sandisk
FT_007937,SanDisk Extreme Pro SDXC Memory 128GB,,CF571364,,,57.99,Sandisk
xxx,SanDisk Extreme Pro SDXC 512GB Memory,,CF503179,,,199.99,Sandisk
FT_007944,Sevenoak SK-ARM15 Magic Arm,,C00112,,,34.99,Sevenoak
FT_008396,Micrófono Boya super cardioid BY-BM3031,,722259103,,,99.99,Sevenoak
FT_000508,Sirui Tripod N-1205,,M00054,,,249.99,Statywy Sirui
FT_000663,Sirui Tripod S-1204-N,,M00122,,,199.99,Statywy Sirui
FT_000664,Sirui Tripod S-1205-N,,M00123,,,289.99,Statywy Sirui
FT_000665,Sirui Tripod S-2204-N,,M00048,,,289.99,Statywy Sirui
FT_008058,Kit of 4 Close-Up Filters (+1 +2 +4 +10) 49mm,,0713632235,,,49.99,Visico
FT_008065,Translucent umbrella 80cm Visico UB-001,,DI3461,,,19.99,Visico
FT_008068,Kit of 4 Close-Up Filters (+1 +2 +4 +10) 37mm,,0713632233,,,49.99,Visico
FT_008069,Kit of 4 Close-Up Filters (+1 +2 +4 +10) 46mm,,0713632234,,,49.99,Visico
FT_008072,Kit of 4 Close-Up Filters (+1 +2 +4 +10) 67mm,,0713632236,,,59.99,Visico
FT_008629,Reflector 5 in 1 Visico RD-024 90x120cm,,DI4652,,,49.99,Visico